Commodity,Code,Year,Land use per 1000kcal (m2)
Bananas,,2018,3.2166666669999997
Barley,,2018,0.222
Beef (beef herd),,2018,119.4908425
Cassava,,2018,1.8583162219999998
Cheese,,2018,22.68475452
Coffee,,2018,38.60714286
Dark Chocolate,,2018,13.3384913
Eggs,,2018,4.354166667
Lamb & Mutton,,2018,116.659306
Maize,,2018,0.650082919
Milk,,2018,14.91666667
Poultry Meat,,2018,6.605405405
Rice,,2018,0.7596310359999999
Tofu (soybeans),,2018,1.298892989
